{"ts": "2025-10-12T14:51:39", "name": "liyan alyahmadi", "gate": null, "distance": 0.4590022563934326, "confidence": 0.7704988718032837, "quality": 73.6350787082864, "cooldown": 0}