{"ts": "2025-10-05T19:29:00", "name": "liyan alyahmadi", "gate": 4, "distance": 0.34577471017837524, "confidence": 0.8271126449108124, "quality": 55.53701360428683, "cooldown": 3}