{"ts": "2025-10-09T10:28:20", "name": "liyan alyahmadi", "gate": null, "distance": 0.25211602449417114, "confidence": 0.8739419877529144, "quality": 54.1924614322061, "cooldown": 0}